{"mean": [92981.32306, 966.1267130100001], "std": [5915.379654501658, 917.8738365955309], "features": ["Close", "Volume"]}