{"mean": [3123.3535100000004, 21994.910898599996], "std": [213.6807895114896, 20031.43888063414], "features": ["Close", "Volume"]}