{"mean": [140.63522999999998, 160518.738594], "std": [11.01170922097629, 133297.7295892752], "features": ["Close", "Volume"]}