{"mean": [93052.47559, 971.41676199], "std": [5937.977127804369, 919.559822643969], "features": ["Close", "Volume"]}