{"mean": [92952.83963999999, 964.79182693], "std": [5906.901078714998, 918.2891201054857], "features": ["Close", "Volume"]}