{"mean": [3124.3647, 22174.9589546], "std": [213.58086815953723, 20258.710105431146], "features": ["Close", "Volume"]}