{"mean": [88.36456, 25829.350630000004], "std": [8.234656675969749, 29004.575199195795], "features": ["Close", "Volume"]}